{
  "click_on_newticket_link-71" : {
    "transaction" : "click_on_newticket_link-71",
    "sampleCount" : 3214,
    "errorCount" : 2,
    "errorPct" : 0.062227752,
    "meanResTime" : 356.07716241443575,
    "medianResTime" : 327.0,
    "minResTime" : 167.0,
    "maxResTime" : 4353.0,
    "pct1ResTime" : 483.0,
    "pct2ResTime" : 551.25,
    "pct3ResTime" : 1051.4499999999966,
    "throughput" : 1.3462101503575163,
    "receivedKBytesPerSec" : 24.18542361534914,
    "sentKBytesPerSec" : 0.6714226888086962
  },
  "UVD_03_CustomerCreateTicket_S01_clickOnNewTicketLink" : {
    "transaction" : "UVD_03_CustomerCreateTicket_S01_clickOnNewTicketLink",
    "sampleCount" : 3214,
    "errorCount" : 2,
    "errorPct" : 0.062227752,
    "meanResTime" : 356.07716241443575,
    "medianResTime" : 327.0,
    "minResTime" : 167.0,
    "maxResTime" : 4353.0,
    "pct1ResTime" : 483.0,
    "pct2ResTime" : 551.25,
    "pct3ResTime" : 1051.4499999999966,
    "throughput" : 1.3462101503575163,
    "receivedKBytesPerSec" : 24.18542361534914,
    "sentKBytesPerSec" : 0.6714226888086962
  },
  "click_on_create_ticket-91" : {
    "transaction" : "click_on_create_ticket-91",
    "sampleCount" : 3213,
    "errorCount" : 17,
    "errorPct" : 0.52910054,
    "meanResTime" : 1275.7603485838754,
    "medianResTime" : 1127.0,
    "minResTime" : 555.0,
    "maxResTime" : 4895.0,
    "pct1ResTime" : 1913.7999999999997,
    "pct2ResTime" : 2589.099999999998,
    "pct3ResTime" : 3572.4600000000014,
    "throughput" : 1.3456701085331317,
    "receivedKBytesPerSec" : 31.448478357243793,
    "sentKBytesPerSec" : 2.7263088616805673
  },
  "UVD_02_CustomerCreateTicket_S01_signIn" : {
    "transaction" : "UVD_02_CustomerCreateTicket_S01_signIn",
    "sampleCount" : 3218,
    "errorCount" : 10,
    "errorPct" : 0.31075203,
    "meanResTime" : 2984.594468614053,
    "medianResTime" : 2896.0,
    "minResTime" : 714.0,
    "maxResTime" : 13068.0,
    "pct1ResTime" : 4634.1,
    "pct2ResTime" : 5372.199999999993,
    "pct3ResTime" : 7325.919999999998,
    "throughput" : 1.3474837269775204,
    "receivedKBytesPerSec" : 57.041252573246915,
    "sentKBytesPerSec" : 2.8908434446518334
  },
  "click_on_signin-65" : {
    "transaction" : "click_on_signin-65",
    "sampleCount" : 3215,
    "errorCount" : 10,
    "errorPct" : 0.31104198,
    "meanResTime" : 352.3580093312594,
    "medianResTime" : 329.0,
    "minResTime" : 169.0,
    "maxResTime" : 5941.0,
    "pct1ResTime" : 485.0,
    "pct2ResTime" : 546.3999999999996,
    "pct3ResTime" : 798.7200000000012,
    "throughput" : 1.3466098312151278,
    "receivedKBytesPerSec" : 24.613465189926437,
    "sentKBytesPerSec" : 0.6631506129430776
  },
  "click_on_signin-64" : {
    "transaction" : "click_on_signin-64",
    "sampleCount" : 3218,
    "errorCount" : 8,
    "errorPct" : 0.24860162,
    "meanResTime" : 2632.564947172159,
    "medianResTime" : 2549.0,
    "minResTime" : 535.0,
    "maxResTime" : 11060.0,
    "pct1ResTime" : 4216.0,
    "pct2ResTime" : 4969.949999999995,
    "pct3ResTime" : 6939.999999999989,
    "throughput" : 1.3475847328448862,
    "receivedKBytesPerSec" : 32.43720644923253,
    "sentKBytesPerSec" : 2.2280481004101382
  },
  "UVD_04_CustomerCreateTicket_S01_clickOnCreateTicketButton" : {
    "transaction" : "UVD_04_CustomerCreateTicket_S01_clickOnCreateTicketButton",
    "sampleCount" : 3213,
    "errorCount" : 21,
    "errorPct" : 0.6535948,
    "meanResTime" : 2036.2138188608772,
    "medianResTime" : 1870.0,
    "minResTime" : 905.0,
    "maxResTime" : 6952.0,
    "pct1ResTime" : 2904.0,
    "pct2ResTime" : 3682.6999999999975,
    "pct3ResTime" : 4763.58,
    "throughput" : 1.345344993269088,
    "receivedKBytesPerSec" : 69.46163056216201,
    "sentKBytesPerSec" : 4.031097445524623
  },
  "Total" : {
    "transaction" : "Total",
    "sampleCount" : 28929,
    "errorCount" : 53,
    "errorPct" : 0.18320717,
    "meanResTime" : 1294.5287082166694,
    "medianResTime" : 947.0,
    "minResTime" : 132.0,
    "maxResTime" : 11060.0,
    "pct1ResTime" : 2952.0,
    "pct2ResTime" : 3451.0,
    "pct3ResTime" : 5288.990000000002,
    "throughput" : 12.10143469496261,
    "receivedKBytesPerSec" : 226.3175875960765,
    "sentKBytesPerSec" : 10.327859971301498
  },
  "click_on_create_ticket-95" : {
    "transaction" : "click_on_create_ticket-95",
    "sampleCount" : 3210,
    "errorCount" : 3,
    "errorPct" : 0.093457945,
    "meanResTime" : 366.6404984423673,
    "medianResTime" : 339.5,
    "minResTime" : 169.0,
    "maxResTime" : 3312.0,
    "pct1ResTime" : 512.9000000000001,
    "pct2ResTime" : 584.0,
    "pct3ResTime" : 930.4499999999994,
    "throughput" : 1.3449459570547444,
    "receivedKBytesPerSec" : 25.04169453580091,
    "sentKBytesPerSec" : 0.677788866947974
  },
  "UVD_01_CustomerCreateTicket_S01_pageLoad" : {
    "transaction" : "UVD_01_CustomerCreateTicket_S01_pageLoad",
    "sampleCount" : 3220,
    "errorCount" : 3,
    "errorPct" : 0.0931677,
    "meanResTime" : 1906.6158385093136,
    "medianResTime" : 1890.0,
    "minResTime" : 135.0,
    "maxResTime" : 8182.0,
    "pct1ResTime" : 3256.9,
    "pct2ResTime" : 3803.699999999999,
    "pct3ResTime" : 5008.429999999999,
    "throughput" : 1.3485832128194142,
    "receivedKBytesPerSec" : 22.870600407595667,
    "sentKBytesPerSec" : 0.5546496725288156
  },
  "logout_user-108" : {
    "transaction" : "logout_user-108",
    "sampleCount" : 3206,
    "errorCount" : 2,
    "errorPct" : 0.062383033,
    "meanResTime" : 1924.1781035558356,
    "medianResTime" : 1897.0,
    "minResTime" : 132.0,
    "maxResTime" : 9265.0,
    "pct1ResTime" : 3316.9000000000005,
    "pct2ResTime" : 3813.949999999999,
    "pct3ResTime" : 5343.019999999998,
    "throughput" : 1.3492329025972523,
    "receivedKBytesPerSec" : 22.485586182199047,
    "sentKBytesPerSec" : 0.6360703920497945
  },
  "load_page-14" : {
    "transaction" : "load_page-14",
    "sampleCount" : 3220,
    "errorCount" : 3,
    "errorPct" : 0.0931677,
    "meanResTime" : 1906.6155279503078,
    "medianResTime" : 1890.0,
    "minResTime" : 135.0,
    "maxResTime" : 8182.0,
    "pct1ResTime" : 3256.9,
    "pct2ResTime" : 3803.699999999999,
    "pct3ResTime" : 5008.429999999999,
    "throughput" : 1.3486216207500095,
    "receivedKBytesPerSec" : 22.87125176705556,
    "sentKBytesPerSec" : 0.5546654690669339
  },
  "UVD_05_CustomerCreateTicket_S01_signOut" : {
    "transaction" : "UVD_05_CustomerCreateTicket_S01_signOut",
    "sampleCount" : 3209,
    "errorCount" : 9,
    "errorPct" : 0.2804612,
    "meanResTime" : 4355.929884699283,
    "medianResTime" : 4394.0,
    "minResTime" : 373.0,
    "maxResTime" : 12926.0,
    "pct1ResTime" : 7071.0,
    "pct2ResTime" : 7936.5,
    "pct3ResTime" : 10085.000000000011,
    "throughput" : 1.3440730733451756,
    "receivedKBytesPerSec" : 52.38423094420924,
    "sentKBytesPerSec" : 2.1816805273329765
  },
  "logout_user-107" : {
    "transaction" : "logout_user-107",
    "sampleCount" : 3209,
    "errorCount" : 7,
    "errorPct" : 0.21813649,
    "meanResTime" : 2433.550638828297,
    "medianResTime" : 2360.0,
    "minResTime" : 230.0,
    "maxResTime" : 9611.0,
    "pct1ResTime" : 4058.0,
    "pct2ResTime" : 4819.5,
    "pct3ResTime" : 6410.200000000005,
    "throughput" : 1.3440730733451756,
    "receivedKBytesPerSec" : 30.005576411774108,
    "sentKBytesPerSec" : 1.5486350088994059
  },
  "click_on_create_ticket-97" : {
    "transaction" : "click_on_create_ticket-97",
    "sampleCount" : 3209,
    "errorCount" : 1,
    "errorPct" : 0.031162355,
    "meanResTime" : 394.6466188843874,
    "medianResTime" : 380.0,
    "minResTime" : 156.0,
    "maxResTime" : 4156.0,
    "pct1ResTime" : 549.0,
    "pct2ResTime" : 622.0,
    "pct3ResTime" : 811.5000000000005,
    "throughput" : 1.3444509243990401,
    "receivedKBytesPerSec" : 13.002565910145933,
    "sentKBytesPerSec" : 0.6284553284289573
  }
}