{
  "click_on_newticket_link-71" : {
    "transaction" : "click_on_newticket_link-71",
    "sampleCount" : 1623,
    "errorCount" : 3,
    "errorPct" : 0.18484288,
    "meanResTime" : 1012.8792359827474,
    "medianResTime" : 589.0,
    "minResTime" : 160.0,
    "maxResTime" : 9114.0,
    "pct1ResTime" : 2250.6000000000004,
    "pct2ResTime" : 4258.4,
    "pct3ResTime" : 5942.48,
    "throughput" : 0.6799190129737597,
    "receivedKBytesPerSec" : 17.269504855943467,
    "sentKBytesPerSec" : 0.3391286067284333
  },
  "UVD_03_CustomerCreateTicket_S01_clickOnNewTicketLink" : {
    "transaction" : "UVD_03_CustomerCreateTicket_S01_clickOnNewTicketLink",
    "sampleCount" : 1623,
    "errorCount" : 3,
    "errorPct" : 0.18484288,
    "meanResTime" : 1012.8792359827474,
    "medianResTime" : 589.0,
    "minResTime" : 160.0,
    "maxResTime" : 9114.0,
    "pct1ResTime" : 2250.6000000000004,
    "pct2ResTime" : 4258.4,
    "pct3ResTime" : 5942.48,
    "throughput" : 0.6799187281372405,
    "receivedKBytesPerSec" : 17.269497621279402,
    "sentKBytesPerSec" : 0.3391284646582602
  },
  "click_on_create_ticket-91" : {
    "transaction" : "click_on_create_ticket-91",
    "sampleCount" : 1618,
    "errorCount" : 14,
    "errorPct" : 0.8652658,
    "meanResTime" : 2768.4233621755257,
    "medianResTime" : 1799.0,
    "minResTime" : 537.0,
    "maxResTime" : 12673.0,
    "pct1ResTime" : 6509.900000000004,
    "pct2ResTime" : 7948.799999999999,
    "pct3ResTime" : 10997.749999999996,
    "throughput" : 0.677553020198869,
    "receivedKBytesPerSec" : 63.963036009006466,
    "sentKBytesPerSec" : 1.3724821098050464
  },
  "UVD_02_CustomerCreateTicket_S01_signIn" : {
    "transaction" : "UVD_02_CustomerCreateTicket_S01_signIn",
    "sampleCount" : 1628,
    "errorCount" : 8,
    "errorPct" : 0.49140048,
    "meanResTime" : 7950.478501228504,
    "medianResTime" : 6805.5,
    "minResTime" : 671.0,
    "maxResTime" : 26478.0,
    "pct1ResTime" : 15362.600000000006,
    "pct2ResTime" : 18350.85,
    "pct3ResTime" : 22863.100000000006,
    "throughput" : 0.6819130929408171,
    "receivedKBytesPerSec" : 73.18734679338536,
    "sentKBytesPerSec" : 1.4615081650244346
  },
  "click_on_signin-65" : {
    "transaction" : "click_on_signin-65",
    "sampleCount" : 1624,
    "errorCount" : 8,
    "errorPct" : 0.49261084,
    "meanResTime" : 958.1083743842369,
    "medianResTime" : 551.0,
    "minResTime" : 162.0,
    "maxResTime" : 12344.0,
    "pct1ResTime" : 2145.5,
    "pct2ResTime" : 3738.75,
    "pct3ResTime" : 5780.5,
    "throughput" : 0.6803892463306532,
    "receivedKBytesPerSec" : 17.80422942409072,
    "sentKBytesPerSec" : 0.33428869381289883
  },
  "click_on_signin-64" : {
    "transaction" : "click_on_signin-64",
    "sampleCount" : 1628,
    "errorCount" : 2,
    "errorPct" : 0.12285012,
    "meanResTime" : 6994.723587223585,
    "medianResTime" : 6229.5,
    "minResTime" : 507.0,
    "maxResTime" : 24030.0,
    "pct1ResTime" : 13048.800000000003,
    "pct2ResTime" : 15545.299999999997,
    "pct3ResTime" : 19667.590000000015,
    "throughput" : 0.6820105066483457,
    "receivedKBytesPerSec" : 55.3949970426487,
    "sentKBytesPerSec" : 1.12745500086927
  },
  "UVD_04_CustomerCreateTicket_S01_clickOnCreateTicketButton" : {
    "transaction" : "UVD_04_CustomerCreateTicket_S01_clickOnCreateTicketButton",
    "sampleCount" : 1618,
    "errorCount" : 16,
    "errorPct" : 0.98887515,
    "meanResTime" : 4645.8016069221285,
    "medianResTime" : 2949.0,
    "minResTime" : 880.0,
    "maxResTime" : 27829.0,
    "pct1ResTime" : 10967.900000000001,
    "pct2ResTime" : 12965.249999999998,
    "pct3ResTime" : 16091.579999999998,
    "throughput" : 0.677402959304745,
    "receivedKBytesPerSec" : 97.01637496315732,
    "sentKBytesPerSec" : 2.032593200996929
  },
  "Total" : {
    "transaction" : "Total",
    "sampleCount" : 14602,
    "errorCount" : 30,
    "errorPct" : 0.20545131,
    "meanResTime" : 3444.196548418019,
    "medianResTime" : 1835.5,
    "minResTime" : 126.0,
    "maxResTime" : 24187.0,
    "pct1ResTime" : 8423.500000000004,
    "pct2ResTime" : 10837.0,
    "pct3ResTime" : 15859.939999999999,
    "throughput" : 6.10862662578073,
    "receivedKBytesPerSec" : 279.3109993459488,
    "sentKBytesPerSec" : 5.216931945467058
  },
  "click_on_create_ticket-95" : {
    "transaction" : "click_on_create_ticket-95",
    "sampleCount" : 1614,
    "errorCount" : 1,
    "errorPct" : 0.06195787,
    "meanResTime" : 1064.7410161090472,
    "medianResTime" : 588.0,
    "minResTime" : 162.0,
    "maxResTime" : 14296.0,
    "pct1ResTime" : 2511.5,
    "pct2ResTime" : 4587.25,
    "pct3ResTime" : 6044.099999999994,
    "throughput" : 0.6759997068154927,
    "receivedKBytesPerSec" : 17.507237174486665,
    "sentKBytesPerSec" : 0.3428135928976053
  },
  "UVD_01_CustomerCreateTicket_S01_pageLoad" : {
    "transaction" : "UVD_01_CustomerCreateTicket_S01_pageLoad",
    "sampleCount" : 1633,
    "errorCount" : 1,
    "errorPct" : 0.06123699,
    "meanResTime" : 5332.965094917327,
    "medianResTime" : 4891.0,
    "minResTime" : 129.0,
    "maxResTime" : 18849.0,
    "pct1ResTime" : 9780.600000000002,
    "pct2ResTime" : 11674.199999999999,
    "pct3ResTime" : 15398.100000000015,
    "throughput" : 0.6841710553328054,
    "receivedKBytesPerSec" : 16.11899456797824,
    "sentKBytesPerSec" : 0.28101717942836313
  },
  "logout_user-108" : {
    "transaction" : "logout_user-108",
    "sampleCount" : 1611,
    "errorCount" : 0,
    "errorPct" : 0.0,
    "meanResTime" : 5445.690254500315,
    "medianResTime" : 4932.0,
    "minResTime" : 126.0,
    "maxResTime" : 19713.0,
    "pct1ResTime" : 9931.8,
    "pct2ResTime" : 11813.999999999998,
    "pct3ResTime" : 15779.119999999994,
    "throughput" : 0.6780608385983713,
    "receivedKBytesPerSec" : 16.099946420146026,
    "sentKBytesPerSec" : 0.31958994931063817
  },
  "load_page-14" : {
    "transaction" : "load_page-14",
    "sampleCount" : 1633,
    "errorCount" : 1,
    "errorPct" : 0.06123699,
    "meanResTime" : 5332.963257807715,
    "medianResTime" : 4891.0,
    "minResTime" : 129.0,
    "maxResTime" : 18849.0,
    "pct1ResTime" : 9780.600000000002,
    "pct2ResTime" : 11674.199999999999,
    "pct3ResTime" : 15398.100000000015,
    "throughput" : 0.6841928409882209,
    "receivedKBytesPerSec" : 16.119507835615863,
    "sentKBytesPerSec" : 0.2810261276926738
  },
  "UVD_05_CustomerCreateTicket_S01_signOut" : {
    "transaction" : "UVD_05_CustomerCreateTicket_S01_signOut",
    "sampleCount" : 1614,
    "errorCount" : 0,
    "errorPct" : 0.0,
    "meanResTime" : 11998.033457249074,
    "medianResTime" : 11366.0,
    "minResTime" : 342.0,
    "maxResTime" : 38772.0,
    "pct1ResTime" : 21491.0,
    "pct2ResTime" : 24661.0,
    "pct3ResTime" : 30518.399999999998,
    "throughput" : 0.6757625251579187,
    "receivedKBytesPerSec" : 74.75439922084246,
    "sentKBytesPerSec" : 1.096823693703727
  },
  "logout_user-107" : {
    "transaction" : "logout_user-107",
    "sampleCount" : 1614,
    "errorCount" : 0,
    "errorPct" : 0.0,
    "meanResTime" : 6562.465303593561,
    "medianResTime" : 5949.0,
    "minResTime" : 216.0,
    "maxResTime" : 24187.0,
    "pct1ResTime" : 11990.5,
    "pct2ResTime" : 14342.75,
    "pct3ResTime" : 18307.199999999997,
    "throughput" : 0.6757628080917363,
    "receivedKBytesPerSec" : 58.73887290226728,
    "sentKBytesPerSec" : 0.778909352872327
  },
  "click_on_create_ticket-97" : {
    "transaction" : "click_on_create_ticket-97",
    "sampleCount" : 1614,
    "errorCount" : 1,
    "errorPct" : 0.06195787,
    "meanResTime" : 817.2899628252787,
    "medianResTime" : 609.0,
    "minResTime" : 147.0,
    "maxResTime" : 3497.0,
    "pct1ResTime" : 1628.5,
    "pct2ResTime" : 2101.25,
    "pct3ResTime" : 2847.199999999999,
    "throughput" : 0.6759430850896756,
    "receivedKBytesPerSec" : 15.572245523421385,
    "sentKBytesPerSec" : 0.3178401080765566
  }
}